INSERT INTO Orders (Id, Car_id, Client_id, Admin_id, Status, Rent_start_date,Rent_end_date, Discount) VALUES
( 0, 0, 0, 0, 'waiting for payment','10.02.2020', '15.02.2020', 35),
( 1, 1, 1, 1, 'close','10.02.2020', '15.02.2020', 0),
( 2, 2, 2, 2, 'approved','10.02.2020', '15.02.2020', 95),
( 3, 3, 3, 3, 'waiting for payment','10.02.2020', '15.02.2020', 14),
( 4, 4, 4, 4, 'open','10.02.2020', '15.02.2020', 14),
( 5, 5, 5, 5, 'approved','10.02.2020', '15.02.2020', 27),
( 6, 6, 6, 6, 'open','10.02.2020', '15.02.2020', 32),
( 7, 7, 7, 7, 'open','10.02.2020', '15.02.2020', 83),
( 8, 8, 8, 8, 'close','10.02.2020', '15.02.2020', 16),
( 9, 9, 9, 9, 'waiting for payment','10.02.2020', '15.02.2020', 79);

INSERT INTO Invoice (Id, Order_id, Status, Issue_date,Payment_date,Total_price) VALUES
( 0, 0,'open','13.02.2020', '14.02.2020', 9354),
( 1, 1,'open','13.02.2020', '14.02.2020', 4703),
( 2, 2,'close','13.02.2020', '14.02.2020', 327),
( 3, 3,'close','13.02.2020', '14.02.2020', 6569),
( 4, 4,'open','13.02.2020', '14.02.2020', 6300),
( 5, 5,'close','13.02.2020', '14.02.2020', 5886),
( 6, 6,'open','13.02.2020', '14.02.2020', 3673),
( 7, 7,'open','13.02.2020', '14.02.2020', 6932),
( 8, 8,'open','13.02.2020', '14.02.2020', 6689),
( 9, 9,'open','13.02.2020', '14.02.2020', 7852);

INSERT INTO Car_model (Id, Brand_name, Model_name, Price_per_hour) VALUES
( 0, 'Toyota','Camry', 10),
( 1, 'Hyundai','Sonata', 7),
( 2, 'Kia','Rio', 6),
( 3, 'Volkswagen','Polo', 8),
( 4, 'Audi','A3', 8);

INSERT INTO Car (Id, Model_id, Color, REG_number, VIN_number, Status) VALUES
( 0, 0,'white','A001AD|78', '1JJV502W42L760952', 'taken'),
( 1, 0,'white','A002QW|78', '2G4GN5EX0E9193519', 'free'),
( 2, 0,'black','G003EW|98', 'KNAFE161675007871', 'taken'),
( 3, 0,'white','D004AD|78', '2GCEK19R5T1120022', 'broken'),
( 4, 1,'black','F005AF|98', '5J6RE3H38BL040055', 'free'),
( 5, 1,'white','L006DD|78', 'JN8AS5MV5AW610187', 'taken'),
( 6, 1,'white','S007JJ|78', 'KL5VJ56L05B161211', 'free'),
( 7, 1,'black','A008IO|78', '1C3CCCFBXFN560817', 'taken'),
( 8, 1,'white','K009GH|98', 'JNKDA31A83T114000', 'free'),
( 9, 1,'black','A010FG|78', 'WDBUF56X59B412027', 'taken'),
( 10, 1,'white','H011KJ|78', '2B3KA43G58H285583', 'free'),
( 11, 1,'black','A012DF|78', '1FTFW1R66DFD03194', 'broken'),
( 12, 2,'white','S013BV|98', '1FTFW1EF1EKE72974', 'taken'),
( 13, 2,'white','C014TR|78', '1GYEE637390129781', 'free'),
( 14, 2,'white','E015IO|78', '1FTPX12V47FB57417', 'taken'),
( 15, 2,'black','Q016PO|98', '1GAHG39U641105091', 'broken'),
( 16, 2,'white','R017DF|78', '5TDDK3EH3CS110621', 'taken'),
( 17, 2,'white','Y018QW|78', '5N1ED28TX2C575580', 'free'),
( 18, 2,'black','A019SD|98', '1GC1KVEG5FF106581', 'taken'),
( 19, 2,'white','I020BG|78', '1GC2KWE87FZ119379', 'broken'),
( 20, 2,'white','P021TG|98', '5TFRM5F18FX082827', 'free'),
( 21, 2,'black','K022DC|78', '1FMCU9E75BKC43320', 'taken'),
( 22, 2,'black','J023MV|98', '1GCPKSE77CF169086', 'taken'),
( 23, 3,'white','L024KM|78', '19UUB2F37FA009016', 'free'),
( 24, 3,'white','F025XD|78', '1GCHK23295F952831', 'taken'),
( 25, 3,'black','C026CI|98', 'JM3ER2AM9B0365439', 'broken'),
( 26, 3,'white','V027BR|78', '1VWAS7A34FC009255', 'taken'),
( 27, 3,'black','D028XR|78', '1G1JF524827222787', 'free'),
( 28, 3,'white','A029IR|98', '2T1BU4EE8AC256709', 'taken'),
( 29, 3,'black','X030DH|78', 'YS3EH55G723049272', 'taken'),
( 30, 3,'white','Z031BY|78', '19XFB2F83FE008204', 'free'),
( 31, 3,'white','M032XT|98', '5XYKWDA28DG369347', 'broken'),
( 32, 3,'white','N033KF|98', '1J4GL58K32W302921', 'free'),
( 33, 3,'black','J034BE|78', '1GNEC13V92R298189', 'taken'),
( 34, 4,'black','E035ZH|98', '5LMFU28569LJ01784', 'free'),
( 35, 4,'white','H036KS|78', 'JTJGA31U140020162', 'taken'),
( 36, 4,'black','U037CU|98', '1FTFW1CF3EKF26195', 'taken');